<configuration>
	<property>
		<name>dfs.namenode.secondary.http-address</name>
		<value>hadoop-master:9001</value>
		<description># 通过web界面来查看HDFS状态 </description>
	</property>
	<property>
		<name>dfs.namenode.name.dir</name>
		<value>/home/hadoop/dfs/name</value>
	</property>
	<property>
		<name>dfs.datanode.data.dir</name>
		<value>/home/hadoop/dfs/data</value>
	</property>
	<property>
		<name>dfs.replication</name>
		<value>3</value>
		<description># 每个Block有3个备份</description>
	</property>
	<property>
		<name>dfs.webhdfs.enabled</name>
		<value>true</value>
	</property>
</configuration>
