<configuration>
	<!-- Site specific YARN configuration properties -->
	<property>
		<name>yarn.nodemanager.aux-services</name>
		<value>mapreduce_shuffle</value>
	</property>
	<property>
		<name>yarn.nodemanager.aux-services.mapreduce.shuffle.class</name>
		<value>org.apache.hadoop.mapred.ShuffleHandler</value>
	</property>
	<property>
		<name>yarn.resourcemanager.address</name>
		<value>hadoop-master:8032</value>
	</property>
	<property>
		<name>yarn.resourcemanager.scheduler.address</name>
		<value>hadoop-master:8030</value>
	</property>
	<property>
		<name>yarn.resourcemanager.resource-tracker.address</name>
		<value>hadoop-master:8031</value>
	</property>
	<property>
		<name>yarn.resourcemanager.admin.address</name>
		<value>hadoop-master:8033</value>
	</property>
	<property>
		<name>yarn.resourcemanager.webapp.address</name>
		<value>hadoop-master:8088</value>
	</property>
	<property>
		<name>yarn.nodemanager.resource.memory-mb</name>
		<value>1024</value>
	</property>
	<property>
		<name>yarn.nodemanager.resource.cpu-vcores</name>
		<value>1</value>
	</property>
</configuration>
